name,path
aem-accordion,https://content.da.live/bwb1066/ynnh/docs/library/blocks/aem-accordion
aem-cards,https://content.da.live/bwb1066/ynnh/docs/library/blocks/aem-cards
aem-carousel,https://content.da.live/bwb1066/ynnh/docs/library/blocks/aem-carousel
aem-columns,https://content.da.live/bwb1066/ynnh/docs/library/blocks/aem-columns
aem-embed,https://content.da.live/bwb1066/ynnh/docs/library/blocks/aem-embed
aem-form,https://content.da.live/bwb1066/ynnh/docs/library/blocks/aem-form
aem-fragment,https://content.da.live/bwb1066/ynnh/docs/library/blocks/aem-fragment
aem-hero,https://content.da.live/bwb1066/ynnh/docs/library/blocks/aem-hero
aem-modal,https://content.da.live/bwb1066/ynnh/docs/library/blocks/aem-modal
aem-quote,https://content.da.live/bwb1066/ynnh/docs/library/blocks/aem-quote
aem-search,https://content.da.live/bwb1066/ynnh/docs/library/blocks/aem-search
aem-table,https://content.da.live/bwb1066/ynnh/docs/library/blocks/aem-table
aem-tabs,https://content.da.live/bwb1066/ynnh/docs/library/blocks/aem-tabs
aem-video,https://content.da.live/bwb1066/ynnh/docs/library/blocks/aem-video
aem-widget,https://content.da.live/bwb1066/ynnh/docs/library/blocks/aem-widget
